{
  "global": {
    "feature_id_range": [
      1,
      700
    ],
    "feature_ids_intersection": 415,
    "recommended_dense_dim": 700,
    "total_docs_all_files": 882747,
    "total_feature_ids_set1": 519,
    "total_feature_ids_set2": 595,
    "total_feature_ids_union": 699,
    "total_relevance_distribution": {
      "0": 223089,
      "1": 340921,
      "2": 241265,
      "3": 61172,
      "4": 16300
    }
  },
  "set1_test": {
    "avg_sparsity": 0.6806741992018055,
    "docs_per_query": {
      "max": 129,
      "mean": 23.723328082486038,
      "min": 1,
      "std": 18.20675200016304
    },
    "feature_count": 519,
    "feature_id_max": 699,
    "feature_id_min": 1,
    "features_per_doc": {
      "max": 434,
      "mean": 223.20873475793795,
      "min": 63,
      "std": 49.92677465289911
    },
    "relevance_distribution": {
      "0": 42625,
      "1": 59107,
      "2": 48033,
      "3": 12804,
      "4": 3091
    },
    "total_docs": 165660,
    "unique_queries": 6983
  },
  "set1_train": {
    "avg_sparsity": 0.6813204167894364,
    "docs_per_query": {
      "max": 139,
      "mean": 23.723124749298034,
      "min": 1,
      "std": 18.310095072710077
    },
    "feature_count": 519,
    "feature_id_max": 699,
    "feature_id_min": 1,
    "features_per_doc": {
      "max": 431,
      "mean": 222.75702866418393,
      "min": 61,
      "std": 50.15276603993748
    },
    "relevance_distribution": {
      "0": 123294,
      "1": 169897,
      "2": 134832,
      "3": 36170,
      "4": 8941
    },
    "total_docs": 473134,
    "unique_queries": 19944
  },
  "set1_valid": {
    "avg_sparsity": 0.6816730817227366,
    "docs_per_query": {
      "max": 117,
      "mean": 23.74181696726787,
      "min": 1,
      "std": 18.68428966268089
    },
    "feature_count": 519,
    "feature_id_max": 699,
    "feature_id_min": 1,
    "features_per_doc": {
      "max": 424,
      "mean": 222.51051587580716,
      "min": 62,
      "std": 49.41134612758109
    },
    "relevance_distribution": {
      "0": 19273,
      "1": 25106,
      "2": 19835,
      "3": 5499,
      "4": 1370
    },
    "total_docs": 71083,
    "unique_queries": 2994
  },
  "set2_test": {
    "avg_sparsity": 0.6737790944008595,
    "docs_per_query": {
      "max": 120,
      "mean": 27.16535018430753,
      "min": 1,
      "std": 14.145245956547019
    },
    "feature_count": 595,
    "feature_id_max": 700,
    "feature_id_min": 1,
    "features_per_doc": {
      "max": 449,
      "mean": 228.3546339193983,
      "min": 57,
      "std": 56.018903263281544
    },
    "relevance_distribution": {
      "0": 22461,
      "1": 51598,
      "2": 23167,
      "3": 4234,
      "4": 1714
    },
    "total_docs": 103174,
    "unique_queries": 3798
  },
  "set2_train": {
    "avg_sparsity": 0.6739887568987095,
    "docs_per_query": {
      "max": 117,
      "mean": 27.5,
      "min": 1,
      "std": 14.42369747925766
    },
    "feature_count": 585,
    "feature_id_max": 700,
    "feature_id_min": 1,
    "features_per_doc": {
      "max": 449,
      "mean": 228.20787017090333,
      "min": 55,
      "std": 56.82538837145468
    },
    "relevance_distribution": {
      "0": 7741,
      "1": 17412,
      "2": 7763,
      "3": 1261,
      "4": 638
    },
    "total_docs": 34815,
    "unique_queries": 1266
  },
  "set2_valid": {
    "avg_sparsity": 0.6705115760934115,
    "docs_per_query": {
      "max": 118,
      "mean": 27.5521327014218,
      "min": 1,
      "std": 14.661075138050393
    },
    "feature_count": 592,
    "feature_id_max": 700,
    "feature_id_min": 1,
    "features_per_doc": {
      "max": 449,
      "mean": 230.64189673461198,
      "min": 70,
      "std": 56.68835575161871
    },
    "relevance_distribution": {
      "0": 7695,
      "1": 17801,
      "2": 7635,
      "3": 1204,
      "4": 546
    },
    "total_docs": 34881,
    "unique_queries": 1266
  }
}